Brand,Year,Age,Engine_Size,Horsepower,Mileage,Fuel_Efficiency,Owners,Condition,Fuel_Type,Transmission,Price
Audi,2013,11,4.5,277,145684,19.2,4,6.7,Hybrid,Automatic,10500
BMW,2010,14,5.0,292,168222,16.7,4,4.9,Petrol,Automatic,5400
Mazda,2012,12,5.0,338,147942,19.4,2,5.9,Petrol,Manual,3400
Kia,2018,6,4.0,249,74910,25.1,3,10.0,Hybrid,Manual,10000
Toyota,2013,11,1.2,60,142919,46.8,3,8.2,Petrol,Automatic,3100
Chevrolet,2023,1,3.0,164,19855,42.5,1,10.0,Diesel,Automatic,23600
Volkswagen,2021,3,3.5,197,30866,30.9,1,10.0,Petrol,Manual,18400
Ford,2012,12,1.0,73,150984,39.5,3,4.7,Petrol,Automatic,1500
Tesla,2014,10,1.4,60,126379,31.9,4,8.5,Diesel,Automatic,15100
Audi,2020,4,3.5,215,41851,31.5,2,8.9,Diesel,Automatic,31500
Audi,2016,8,4.5,294,104237,24.4,2,9.2,Diesel,Automatic,17800
Mazda,2023,1,4.5,277,4259,25.9,1,10.0,Petrol,Automatic,33300
Hyundai,2013,11,3.5,196,126933,23.1,2,9.8,Petrol,Automatic,4200
Tesla,2018,6,1.6,102,74575,38.8,2,10.0,Petrol,Automatic,30800
Nissan,2010,14,1.2,62,168039,38.4,4,5.0,Diesel,Automatic,1200
Audi,2013,11,2.5,120,124246,34.3,4,6.6,Electric,Automatic,9300
Toyota,2018,6,5.0,329,72809,20.8,3,10.0,Diesel,Automatic,14700
Hyundai,2010,14,3.0,175,174205,27.5,2,6.6,Petrol,Automatic,2000
Kia,2012,12,2.5,165,149264,35.6,3,8.9,Electric,Automatic,3900
Audi,2018,6,3.5,212,84993,26.9,3,9.0,Hybrid,Automatic,22200
Toyota,2017,7,1.6,99,92474,39.0,2,7.8,Petrol,Automatic,5400
Tesla,2017,7,2.5,149,74401,37.3,3,7.6,Petrol,Automatic,21800
Subaru,2012,12,2.0,117,152721,37.9,4,5.2,Petrol,Manual,2100
Ford,2010,14,1.0,74,167884,38.6,3,5.0,Petrol,Automatic,1200
Toyota,2023,1,1.8,113,12506,39.8,1,10.0,Petrol,Manual,20800
Kia,2015,9,4.0,235,114351,22.3,4,7.9,Hybrid,Automatic,4800
Toyota,2018,6,4.5,276,89789,22.5,2,7.9,Hybrid,Automatic,12100
Subaru,2013,11,1.0,117,130346,37.4,3,6.7,Petrol,Manual,3000
Audi,2015,9,1.4,118,89327,40.6,3,6.2,Petrol,Manual,6700
BMW,2010,14,3.0,151,160846,30.0,2,6.6,Petrol,Automatic,5600
Ford,2016,8,3.0,149,97864,29.0,2,9.1,Petrol,Manual,5400
Kia,2019,5,1.0,84,44511,41.5,2,10.0,Petrol,Automatic,8000
Audi,2014,10,2.0,102,122289,34.0,5,6.5,Petrol,Manual,6700
Volkswagen,2019,5,4.0,251,27587,24.4,1,10.0,Petrol,Automatic,16100
Chevrolet,2011,13,1.6,117,141641,39.0,2,5.7,Diesel,Automatic,1700
Chevrolet,2017,7,5.0,313,99860,17.8,1,9.1,Diesel,Automatic,8900
Tesla,2019,5,4.5,274,53773,24.4,2,9.5,Diesel,Automatic,57300
Kia,2014,10,1.2,60,128995,39.9,5,7.8,Diesel,Automatic,2500
Tesla,2012,12,1.0,60,147827,40.5,4,4.9,Hybrid,Automatic,7400
Hyundai,2012,12,3.5,203,150328,19.7,5,5.9,Hybrid,Automatic,2800
Volkswagen,2022,2,3.5,203,33840,31.8,1,10.0,Petrol,Automatic,22100
BMW,2013,11,1.8,140,138241,37.4,2,7.2,Diesel,Automatic,8200
Hyundai,2019,5,4.0,227,62436,28.2,2,9.4,Petrol,Automatic,10300
Mercedes,2012,12,3.0,162,129519,24.8,5,6.7,Diesel,Automatic,8000
Volkswagen,2012,12,5.0,269,159700,18.1,5,6.3,Diesel,Automatic,3600
Audi,2010,14,1.4,92,172926,36.3,4,4.4,Diesel,Automatic,2900
Kia,2021,3,1.8,105,38851,38.1,1,10.0,Diesel,Automatic,12500
Mercedes,2012,12,2.5,138,165898,29.1,5,6.9,Petrol,Manual,6800
Volkswagen,2021,3,1.8,113,54761,42.4,2,10.0,Petrol,Manual,13000
Hyundai,2011,13,4.0,214,167794,22.1,5,5.3,Hybrid,Automatic,2400
Toyota,2011,13,3.5,186,150006,26.0,2,6.1,Diesel,Automatic,2700
Hyundai,2023,1,1.0,60,13202,46.0,1,10.0,Diesel,Automatic,14700
Tesla,2016,8,4.0,187,93317,24.4,1,9.4,Diesel,Automatic,28400
Audi,2014,10,1.8,122,131496,37.6,4,8.3,Petrol,Automatic,8000
Honda,2013,11,3.5,232,132740,31.9,4,5.6,Diesel,Automatic,3600
Toyota,2021,3,1.6,93,39840,40.4,1,9.9,Diesel,Automatic,15600
Hyundai,2016,8,2.5,123,110998,30.8,1,9.0,Hybrid,Automatic,5200
Kia,2012,12,1.4,91,138967,40.1,3,6.2,Petrol,Automatic,1600
Mazda,2019,5,4.5,259,62139,24.7,1,9.6,Petrol,Automatic,13900
Tesla,2015,9,4.0,244,109920,30.3,3,8.8,Hybrid,Automatic,27000
Volkswagen,2022,2,1.2,94,0,40.6,1,10.0,Petrol,Manual,16300
Kia,2023,1,5.0,290,4974,20.9,1,9.7,Diesel,Automatic,26100
Chevrolet,2015,9,1.2,103,121909,33.5,2,8.7,Petrol,Automatic,3400
Subaru,2015,9,1.8,122,101829,32.7,5,7.6,Petrol,Manual,4500
Audi,2018,6,2.5,152,81078,34.5,2,9.7,Diesel,Automatic,19100
Ford,2022,2,5.0,324,14903,25.9,1,10.0,Diesel,Automatic,31400
Mercedes,2014,10,4.5,267,124768,17.3,5,8.6,Petrol,Manual,14400
BMW,2018,6,1.0,71,71283,38.9,2,7.6,Hybrid,Automatic,13000
Volkswagen,2011,13,1.8,110,156893,36.0,5,7.4,Diesel,Automatic,2500
Ford,2014,10,1.8,117,125434,39.1,3,7.0,Diesel,Automatic,3200
Tesla,2016,8,3.0,169,73696,34.2,3,7.6,Diesel,Automatic,22800
BMW,2017,7,3.0,144,75151,32.4,2,10.0,Diesel,Manual,16800
Subaru,2010,14,1.6,103,183830,37.9,2,6.2,Petrol,Automatic,2100
Toyota,2015,9,2.0,125,85551,37.5,2,7.8,Diesel,Manual,4500
Chevrolet,2021,3,1.2,72,34648,47.6,1,10.0,Petrol,Manual,11300
Tesla,2016,8,4.0,252,97805,33.9,1,9.3,Diesel,Manual,27500
Chevrolet,2014,10,3.0,170,133018,28.1,5,6.7,Petrol,Automatic,3300
Tesla,2014,10,3.5,226,112034,29.5,2,8.3,Hybrid,Automatic,19800
Honda,2020,4,1.2,74,55754,43.4,2,9.0,Petrol,Automatic,10800
Mercedes,2019,5,5.0,272,60784,18.0,1,9.1,Electric,Automatic,43100
Toyota,2022,2,2.5,170,20703,35.2,1,9.4,Diesel,Automatic,23200
Toyota,2023,1,1.4,101,25885,34.5,1,10.0,Diesel,Manual,19800
Toyota,2017,7,2.5,147,89277,36.5,1,7.7,Petrol,Manual,6600
Toyota,2018,6,2.5,169,64294,32.6,3,9.0,Diesel,Manual,10000
Honda,2012,12,3.0,190,148442,27.9,2,7.6,Petrol,Automatic,3600
Kia,2016,8,1.0,60,99261,37.2,2,7.1,Petrol,Automatic,2700
Volkswagen,2013,11,1.8,125,125299,38.3,4,6.4,Hybrid,Automatic,3100
Toyota,2011,13,1.4,83,173014,36.8,3,4.7,Petrol,Automatic,1700
Chevrolet,2019,5,4.0,244,66227,30.4,2,10.0,Petrol,Automatic,11800
Hyundai,2015,9,4.0,214,102386,26.4,3,8.2,Diesel,Automatic,5100
Audi,2019,5,1.0,60,47204,40.6,2,9.8,Electric,Manual,23500
Subaru,2014,10,4.5,266,110767,18.4,2,8.3,Hybrid,Automatic,8500
Tesla,2015,9,2.0,107,115003,33.8,3,8.1,Electric,Manual,20000
Hyundai,2018,6,3.0,214,71650,37.3,3,8.5,Petrol,Manual,7400
Volkswagen,2021,3,1.4,93,20297,39.3,1,10.0,Electric,Automatic,19300
Volkswagen,2023,1,3.0,209,18916,38.4,1,10.0,Diesel,Automatic,26400
Honda,2018,6,5.0,306,74076,22.8,2,8.2,Petrol,Manual,10300
Tesla,2011,13,4.5,279,155604,23.0,3,5.9,Diesel,Automatic,10900
Mazda,2017,7,1.4,71,111418,39.7,2,9.9,Diesel,Manual,6100
Subaru,2015,9,3.5,181,109452,33.1,2,6.7,Petrol,Automatic,5500
Mazda,2020,4,2.5,143,36136,43.3,2,9.7,Electric,Automatic,16900
BMW,2010,14,1.0,60,164996,35.6,3,5.8,Diesel,Manual,3700
BMW,2023,1,3.5,206,3168,30.1,1,10.0,Diesel,Automatic,60300
Mazda,2022,2,1.2,85,35671,47.9,1,9.8,Petrol,Manual,14400
Toyota,2019,5,1.4,91,65081,36.8,1,10.0,Hybrid,Automatic,11600
Honda,2011,13,1.0,60,159436,37.4,3,7.4,Petrol,Automatic,2400
BMW,2011,13,4.5,264,161838,22.6,2,6.9,Diesel,Manual,7900
Honda,2015,9,1.8,109,114947,33.3,2,8.0,Hybrid,Automatic,5500
Tesla,2011,13,3.0,155,160625,29.2,5,6.3,Petrol,Manual,8600
Subaru,2018,6,1.8,93,82085,42.6,2,9.7,Electric,Automatic,11100
Audi,2019,5,4.0,231,66388,32.2,2,10.0,Petrol,Manual,25700
Toyota,2017,7,1.2,72,90454,47.0,3,8.7,Petrol,Automatic,5800
Honda,2021,3,5.0,308,28961,21.8,2,10.0,Petrol,Automatic,26400
Kia,2015,9,1.0,62,102134,46.2,4,8.2,Petrol,Manual,2700
Mercedes,2012,12,4.5,261,162811,17.2,4,4.2,Diesel,Automatic,6600
Mazda,2013,11,2.0,112,136308,35.2,2,5.6,Petrol,Automatic,2600
Toyota,2019,5,5.0,314,68600,23.6,2,9.8,Petrol,Automatic,17300
Mazda,2018,6,1.0,60,88265,34.6,3,8.4,Petrol,Automatic,5600
Ford,2013,11,3.5,188,138061,22.5,5,7.1,Petrol,Automatic,3600
Nissan,2022,2,1.0,60,19476,36.7,1,9.6,Diesel,Automatic,13800
Mercedes,2018,6,3.0,194,80460,31.0,2,9.4,Diesel,Automatic,21400
Volkswagen,2010,14,1.2,72,178231,37.3,3,4.3,Diesel,Automatic,1100
Honda,2011,13,4.0,260,165246,23.7,3,5.3,Hybrid,Automatic,3300
Nissan,2016,8,4.5,278,97145,26.4,2,8.1,Petrol,Manual,6300
Mazda,2020,4,1.2,60,42707,43.9,1,10.0,Petrol,Manual,10000
Tesla,2018,6,4.5,287,60721,26.2,3,9.0,Petrol,Automatic,42300
Toyota,2023,1,1.8,121,20731,34.9,1,10.0,Petrol,Automatic,22000
BMW,2011,13,1.6,126,139670,33.8,4,5.0,Petrol,Automatic,3700
BMW,2010,14,1.4,76,181883,41.0,3,6.6,Electric,Manual,5500
Mazda,2015,9,5.0,317,124100,15.6,4,9.0,Petrol,Automatic,7000
Hyundai,2021,3,1.2,97,51376,38.3,1,10.0,Petrol,Manual,9700
Kia,2021,3,3.5,190,20434,29.7,1,9.5,Diesel,Automatic,14100
Volkswagen,2014,10,1.0,65,124300,43.1,5,7.5,Diesel,Manual,2700
BMW,2014,10,4.5,279,120786,16.5,3,6.5,Petrol,Automatic,11600
Mazda,2011,13,3.5,223,159464,29.0,3,3.0,Petrol,Automatic,1200
BMW,2010,14,2.5,157,161762,36.2,2,5.2,Petrol,Automatic,4200
Tesla,2010,14,5.0,302,165403,18.5,4,6.2,Diesel,Automatic,10700
Volkswagen,2011,13,1.2,76,139865,40.3,2,6.8,Diesel,Automatic,1900
Hyundai,2020,4,1.6,114,54942,39.7,2,10.0,Diesel,Automatic,10100
Tesla,2023,1,2.0,116,0,43.0,1,10.0,Diesel,Automatic,99000
Subaru,2018,6,1.0,60,58769,46.9,2,10.0,Diesel,Automatic,9800
Honda,2015,9,5.0,300,94104,15.6,2,7.8,Petrol,Automatic,6500
Mazda,2011,13,5.0,311,158811,18.8,4,5.8,Petrol,Automatic,3000
Chevrolet,2014,10,1.6,89,125224,37.6,5,5.2,Diesel,Automatic,2100
Toyota,2022,2,1.6,97,37144,39.4,1,10.0,Petrol,Automatic,17600
Mercedes,2010,14,5.0,297,169252,16.7,4,7.9,Diesel,Automatic,10500
Tesla,2019,5,3.5,191,53070,27.8,1,10.0,Hybrid,Automatic,60000
Kia,2010,14,2.5,160,156124,31.4,4,5.3,Diesel,Manual,1400
BMW,2012,12,5.0,308,132100,21.2,2,5.0,Petrol,Automatic,7300
Ford,2019,5,2.0,108,77085,36.3,1,10.0,Diesel,Manual,7800
Mazda,2013,11,3.0,196,149157,24.4,3,5.6,Petrol,Manual,2600
BMW,2021,3,4.5,270,22546,28.5,2,10.0,Petrol,Automatic,54900
Mercedes,2011,13,2.5,127,142703,31.0,5,6.0,Petrol,Automatic,5600
Kia,2023,1,3.5,219,0,30.5,1,10.0,Diesel,Manual,23100
Mercedes,2011,13,3.0,172,159616,30.0,3,6.5,Petrol,Manual,6400
Hyundai,2014,10,1.2,60,120871,41.1,4,6.8,Hybrid,Automatic,2800
Mercedes,2012,12,2.0,123,143984,32.8,4,6.9,Petrol,Automatic,7600
Kia,2023,1,2.0,136,8386,38.1,1,10.0,Petrol,Manual,17600
Ford,2011,13,1.6,106,157202,33.3,2,8.4,Hybrid,Automatic,3000
Subaru,2013,11,1.4,92,124004,38.6,2,7.1,Electric,Automatic,4400
Subaru,2023,1,1.6,81,10559,37.9,1,10.0,Diesel,Automatic,25000
Honda,2023,1,4.5,292,18459,31.1,1,10.0,Petrol,Manual,29900
Volkswagen,2023,1,1.4,92,2775,47.1,1,10.0,Petrol,Manual,18900
Chevrolet,2021,3,2.0,112,25560,37.9,2,10.0,Petrol,Automatic,13300
Mercedes,2023,1,2.5,163,19621,36.9,1,10.0,Petrol,Manual,51700
Kia,2017,7,2.5,138,68672,37.1,2,7.8,Diesel,Automatic,4900
Chevrolet,2016,8,1.8,90,95599,40.5,3,7.3,Petrol,Automatic,4000
Subaru,2010,14,3.5,206,170914,23.3,2,4.9,Petrol,Automatic,2400
Kia,2021,3,3.0,212,29942,35.7,2,10.0,Petrol,Automatic,15300
BMW,2021,3,1.0,60,29956,43.3,2,10.0,Petrol,Manual,25900
Tesla,2010,14,1.8,71,169857,34.7,5,5.4,Diesel,Automatic,5700
BMW,2014,10,2.0,113,112182,37.6,3,7.4,Hybrid,Automatic,9200
Tesla,2018,6,3.5,191,66975,30.3,2,8.5,Petrol,Automatic,36300
Kia,2014,10,1.6,95,134556,42.4,4,9.7,Petrol,Manual,3200
Toyota,2017,7,1.2,63,71187,35.3,1,7.1,Petrol,Manual,5000
Ford,2023,1,1.0,67,0,47.2,1,10.0,Hybrid,Automatic,21800
Honda,2014,10,1.8,88,122341,35.6,3,7.1,Electric,Automatic,4700
Nissan,2011,13,1.4,74,151758,33.7,3,8.0,Diesel,Manual,2100
Ford,2016,8,2.5,165,98050,29.9,2,8.0,Petrol,Manual,4700
Kia,2011,13,4.5,257,166999,18.4,3,4.6,Petrol,Automatic,1700
Chevrolet,2013,11,2.0,123,134364,37.0,5,7.5,Petrol,Manual,2800
BMW,2019,5,1.6,90,75637,35.7,2,10.0,Petrol,Automatic,19100
Tesla,2016,8,1.8,101,84192,39.9,1,8.2,Diesel,Manual,19300
Chevrolet,2017,7,3.0,210,94240,33.3,3,7.7,Diesel,Automatic,5800
Kia,2015,9,1.8,109,122775,33.1,4,7.6,Diesel,Manual,2900
Volkswagen,2020,4,4.5,267,38928,28.7,1,10.0,Diesel,Manual,16900
Mercedes,2023,1,5.0,317,0,20.7,1,10.0,Petrol,Automatic,80200
Toyota,2020,4,1.4,95,58329,40.4,1,9.1,Petrol,Automatic,9600
Chevrolet,2015,9,4.0,243,104215,16.9,2,7.5,Petrol,Manual,4500
Hyundai,2013,11,3.0,174,128809,29.4,5,6.8,Petrol,Manual,2600
Volkswagen,2023,1,3.0,179,14452,38.0,1,10.0,Petrol,Manual,24700
BMW,2013,11,1.2,102,114371,35.4,4,7.6,Diesel,Manual,6500
Audi,2014,10,4.0,247,125553,24.7,2,9.6,Petrol,Automatic,14200
Ford,2012,12,3.5,189,137926,31.4,2,6.5,Diesel,Manual,2900
Honda,2021,3,4.0,261,38098,35.0,2,10.0,Petrol,Automatic,23000
Honda,2012,12,2.5,163,136892,31.7,5,6.2,Electric,Automatic,3500
Toyota,2016,8,1.8,100,86466,37.4,1,10.0,Diesel,Manual,7100
Toyota,2011,13,3.5,215,153315,23.9,5,5.9,Petrol,Automatic,3300
Hyundai,2020,4,1.2,70,39228,40.4,2,9.9,Petrol,Automatic,10300
Audi,2018,6,3.0,196,44404,35.2,2,8.6,Hybrid,Automatic,25900
Honda,2020,4,3.0,218,49828,32.7,2,10.0,Diesel,Manual,17500
Mercedes,2012,12,3.5,193,144242,30.7,5,6.4,Petrol,Automatic,8200
Honda,2013,11,5.0,297,141857,23.1,2,9.6,Hybrid,Manual,7600
Volkswagen,2022,2,3.5,208,25684,35.5,1,10.0,Petrol,Automatic,23300
Volkswagen,2018,6,1.8,119,66330,38.2,1,10.0,Petrol,Manual,7500
Honda,2018,6,1.4,108,88153,39.0,1,10.0,Diesel,Automatic,7400
Mazda,2020,4,1.4,79,41245,42.4,1,9.4,Hybrid,Manual,13000
Hyundai,2015,9,1.8,123,113139,37.0,5,8.6,Petrol,Automatic,3600
Ford,2010,14,2.0,130,186998,32.6,3,4.3,Petrol,Automatic,1200
Mazda,2020,4,1.6,80,47506,39.1,2,10.0,Hybrid,Manual,13000
Ford,2012,12,4.0,252,148952,24.1,2,6.4,Petrol,Automatic,3200
Mazda,2017,7,2.0,114,66997,38.1,2,7.3,Petrol,Automatic,5800
Chevrolet,2020,4,1.6,78,35268,43.7,2,10.0,Petrol,Automatic,10500
Chevrolet,2014,10,1.4,84,137218,37.7,2,7.4,Hybrid,Automatic,3300
Toyota,2017,7,2.5,122,77120,38.4,1,8.7,Petrol,Manual,7600
Ford,2013,11,2.5,145,122345,32.1,3,5.9,Petrol,Automatic,2400
Tesla,2016,8,2.0,118,94156,34.7,2,6.3,Hybrid,Manual,14100
Subaru,2010,14,1.4,61,172520,32.3,2,8.0,Diesel,Automatic,2500
Toyota,2023,1,3.0,196,6224,35.9,1,10.0,Petrol,Automatic,29900
Hyundai,2010,14,3.0,177,178382,28.3,4,5.4,Diesel,Automatic,1600
Subaru,2023,1,1.0,82,4906,45.5,1,10.0,Petrol,Automatic,25200
Volkswagen,2019,5,1.8,93,61448,36.7,2,10.0,Hybrid,Automatic,10000
BMW,2012,12,5.0,313,145139,14.0,2,5.4,Hybrid,Automatic,8400
Nissan,2022,2,4.0,261,12592,29.0,1,10.0,Diesel,Automatic,22200
Ford,2023,1,3.0,188,21175,27.1,1,10.0,Petrol,Automatic,22900
Tesla,2018,6,2.0,97,76709,39.5,2,8.7,Diesel,Automatic,26300
Mazda,2021,3,5.0,307,40886,18.0,2,10.0,Petrol,Automatic,23000
Tesla,2016,8,1.2,66,93467,36.4,1,8.2,Petrol,Manual,16500
Volkswagen,2011,13,5.0,306,169263,22.2,5,5.9,Electric,Automatic,3700
BMW,2023,1,3.0,186,12279,35.8,1,10.0,Petrol,Manual,46200
BMW,2023,1,4.0,238,14289,30.2,1,10.0,Hybrid,Automatic,62900
Mercedes,2013,11,1.8,85,133833,32.0,3,6.4,Hybrid,Automatic,7600
Honda,2022,2,1.4,84,10779,38.7,1,10.0,Hybrid,Automatic,22800
Subaru,2012,12,1.2,60,118697,37.1,2,5.6,Petrol,Automatic,2300
Ford,2014,10,2.5,143,118940,40.4,4,5.7,Petrol,Automatic,2500
Volkswagen,2015,9,1.8,125,111267,41.4,2,7.1,Hybrid,Automatic,4400
Toyota,2012,12,1.4,70,144288,36.8,4,8.2,Petrol,Manual,3100
Nissan,2020,4,3.5,199,61626,28.0,1,10.0,Hybrid,Automatic,14100
Chevrolet,2016,8,1.4,81,94487,38.4,1,9.3,Petrol,Manual,4000
BMW,2022,2,2.5,137,23812,35.3,1,10.0,Diesel,Manual,41000
Mazda,2014,10,5.0,290,128623,22.9,4,7.9,Petrol,Manual,5900
BMW,2022,2,3.0,158,25805,34.4,1,10.0,Petrol,Automatic,43300
Mazda,2013,11,2.0,127,113441,37.8,5,8.8,Petrol,Automatic,3400
Tesla,2010,14,2.5,153,163265,32.4,3,3.9,Petrol,Manual,4400
Tesla,2016,8,3.0,192,94061,30.2,1,6.5,Diesel,Manual,18800
Toyota,2016,8,2.5,142,94632,36.8,2,8.8,Petrol,Automatic,6500
Chevrolet,2014,10,3.0,187,102618,27.9,4,8.7,Petrol,Manual,4000
Volkswagen,2010,14,3.5,212,168002,25.5,3,6.0,Hybrid,Automatic,2700
Tesla,2018,6,2.0,132,63328,35.0,1,9.2,Petrol,Automatic,31900
Honda,2012,12,1.4,99,141737,39.3,5,5.7,Petrol,Automatic,2200
Volkswagen,2020,4,3.5,217,39835,31.1,2,10.0,Petrol,Automatic,17900
BMW,2019,5,1.0,60,64079,42.1,2,9.8,Petrol,Automatic,18800
Ford,2021,3,3.5,228,32799,29.8,1,10.0,Hybrid,Automatic,22400
Audi,2022,2,1.2,80,30728,42.5,1,10.0,Electric,Manual,36300
Volkswagen,2017,7,2.0,122,82517,33.9,1,7.4,Hybrid,Automatic,5400
Kia,2023,1,1.8,109,13764,40.7,1,10.0,Petrol,Automatic,16100
Hyundai,2013,11,4.0,270,134163,27.7,4,6.2,Petrol,Manual,2900
Kia,2020,4,3.5,226,44459,28.8,2,9.1,Diesel,Manual,10300
Hyundai,2023,1,5.0,302,12508,25.0,1,10.0,Diesel,Automatic,26300
Ford,2022,2,3.5,197,25501,33.4,1,10.0,Diesel,Automatic,21400
Tesla,2018,6,2.5,158,72516,33.9,3,8.8,Diesel,Automatic,29200
Subaru,2014,10,3.0,165,107018,34.7,5,8.6,Hybrid,Automatic,6800
Mercedes,2021,3,3.5,214,42199,27.7,2,10.0,Petrol,Automatic,43800
Mazda,2014,10,2.0,117,128415,33.1,3,6.1,Petrol,Automatic,3000
Mercedes,2022,2,3.0,186,27710,34.1,1,10.0,Petrol,Automatic,46500
Mercedes,2011,13,4.0,242,147775,27.5,2,5.9,Electric,Automatic,9900
Subaru,2019,5,3.0,169,70479,31.8,1,8.5,Petrol,Automatic,11200
Hyundai,2014,10,4.0,263,114508,28.8,5,8.0,Petrol,Automatic,4100
Honda,2016,8,3.0,170,103607,29.3,1,7.0,Petrol,Automatic,5400
Hyundai,2022,2,2.5,159,10558,31.7,1,10.0,Electric,Automatic,23300
Mazda,2010,14,1.2,60,184101,34.6,2,6.1,Petrol,Automatic,1500
Ford,2014,10,1.4,113,129262,36.6,2,8.0,Hybrid,Automatic,3800
BMW,2023,1,1.6,74,14136,38.9,1,10.0,Diesel,Manual,36400
Kia,2012,12,1.8,128,134966,34.7,4,5.9,Diesel,Automatic,1800
Kia,2013,11,1.4,60,144478,37.0,2,7.5,Diesel,Manual,2200
BMW,2018,6,4.0,201,66178,25.2,1,8.3,Petrol,Automatic,19800
Volkswagen,2021,3,2.0,132,49378,42.9,2,10.0,Petrol,Automatic,14200
Mazda,2018,6,4.5,278,79053,22.2,2,10.0,Petrol,Automatic,12000
Kia,2020,4,1.2,78,62015,44.0,2,8.8,Diesel,Manual,7000
Hyundai,2012,12,1.6,100,143513,37.3,3,7.5,Petrol,Automatic,2300
Audi,2019,5,2.5,143,69422,33.9,2,9.3,Electric,Automatic,26700
Subaru,2016,8,1.0,74,94170,35.1,2,8.8,Diesel,Automatic,5600
Audi,2013,11,3.0,193,137752,31.0,4,6.8,Petrol,Automatic,7400
Mazda,2012,12,1.4,83,134036,36.2,3,7.0,Diesel,Automatic,2600
Mercedes,2012,12,3.5,200,151720,29.8,5,8.3,Electric,Automatic,13300
Toyota,2010,14,5.0,292,157975,14.7,4,6.2,Petrol,Automatic,3200
BMW,2015,9,3.0,169,117319,35.9,2,7.2,Petrol,Manual,10100
Chevrolet,2015,9,2.5,149,96145,34.6,4,8.1,Electric,Automatic,5800
Kia,2018,6,3.5,209,69327,30.7,1,9.4,Diesel,Automatic,7100
Volkswagen,2016,8,4.5,256,99905,30.9,3,7.4,Diesel,Automatic,6000
Nissan,2016,8,2.5,148,88769,32.3,3,10.0,Diesel,Manual,5700
Toyota,2015,9,3.5,192,91522,28.5,3,7.8,Diesel,Automatic,6200
Hyundai,2022,2,5.0,279,39407,24.2,1,10.0,Hybrid,Manual,23700
Mercedes,2015,9,1.0,81,124996,40.5,3,8.1,Hybrid,Automatic,11100
Chevrolet,2022,2,4.5,296,37814,22.6,1,10.0,Diesel,Manual,21600
Chevrolet,2010,14,3.5,206,165536,27.6,3,5.8,Diesel,Manual,2000
Audi,2019,5,1.2,79,64720,41.7,2,10.0,Petrol,Automatic,18700
Toyota,2018,6,2.0,108,66036,40.2,1,9.9,Diesel,Automatic,10300
Subaru,2019,5,4.5,285,64360,34.8,1,10.0,Hybrid,Manual,18600
Nissan,2019,5,3.5,222,63966,26.1,1,9.7,Hybrid,Manual,11000
Audi,2012,12,2.0,101,152132,33.2,2,6.0,Diesel,Automatic,5500
Chevrolet,2012,12,1.4,98,142958,39.3,3,4.0,Petrol,Automatic,1200
Hyundai,2022,2,2.5,159,18348,38.2,1,10.0,Petrol,Manual,15600
Subaru,2018,6,2.0,103,73752,46.0,2,10.0,Hybrid,Automatic,11200
Ford,2023,1,3.5,175,1343,29.7,1,10.0,Petrol,Automatic,27300
BMW,2015,9,5.0,306,95542,20.7,2,6.9,Diesel,Automatic,12500
Kia,2019,5,5.0,285,62094,20.5,1,8.8,Petrol,Automatic,9900
Volkswagen,2017,7,3.0,169,83609,32.2,1,10.0,Diesel,Automatic,6900
Toyota,2022,2,1.2,79,4415,41.9,1,10.0,Hybrid,Automatic,24700
Audi,2017,7,4.0,239,73826,26.6,2,8.6,Diesel,Automatic,18300
Toyota,2023,1,1.0,66,20638,47.3,1,10.0,Petrol,Automatic,21000
Hyundai,2017,7,3.0,188,87721,32.7,1,6.8,Diesel,Automatic,4600
Ford,2012,12,1.2,65,118702,37.9,2,6.1,Hybrid,Automatic,2100
Hyundai,2017,7,1.6,110,85546,42.0,1,8.7,Hybrid,Automatic,5200
Subaru,2020,4,4.0,223,41112,24.2,1,9.0,Diesel,Automatic,18700
Nissan,2020,4,4.5,268,51157,26.4,1,10.0,Petrol,Automatic,16200
Kia,2019,5,1.8,75,63046,41.9,1,10.0,Diesel,Automatic,7000
Hyundai,2021,3,2.0,127,39560,39.2,1,9.6,Diesel,Automatic,13200
BMW,2015,9,4.0,228,90997,23.1,5,9.3,Petrol,Manual,14600
Volkswagen,2019,5,5.0,278,63792,27.3,2,8.9,Hybrid,Automatic,15900
Toyota,2023,1,2.0,152,17319,37.1,1,10.0,Diesel,Automatic,23800
Nissan,2013,11,2.5,145,140481,28.3,4,6.6,Electric,Automatic,3600
Kia,2014,10,1.6,80,100373,38.0,5,5.8,Hybrid,Automatic,2100
Tesla,2017,7,2.5,145,79308,35.9,2,10.0,Petrol,Automatic,26900
Ford,2013,11,4.5,288,126024,16.6,5,7.4,Petrol,Manual,3900
Audi,2020,4,4.0,256,68122,31.1,1,8.6,Petrol,Automatic,23800
Ford,2020,4,1.2,60,63323,43.5,2,8.9,Petrol,Automatic,8600
BMW,2012,12,1.8,128,150255,37.7,2,7.0,Hybrid,Automatic,7300
Mercedes,2011,13,3.0,209,156036,31.5,3,7.2,Diesel,Automatic,8000
Tesla,2021,3,2.0,139,55870,36.9,1,10.0,Petrol,Automatic,48900
Mercedes,2012,12,5.0,262,141033,19.7,3,5.2,Diesel,Manual,7600
Nissan,2015,9,1.6,99,107260,36.1,3,7.9,Petrol,Automatic,3600
Nissan,2016,8,4.5,267,98118,20.8,3,9.2,Petrol,Manual,6800
Audi,2018,6,3.0,164,68459,29.4,1,9.1,Petrol,Manual,17000
Honda,2020,4,1.6,94,40289,41.0,1,10.0,Electric,Automatic,18200
Mazda,2017,7,3.0,170,80184,29.8,1,7.5,Electric,Manual,7100
Chevrolet,2011,13,2.0,119,147515,35.2,5,3.9,Petrol,Automatic,1100
Tesla,2012,12,5.0,315,143045,13.7,2,6.8,Petrol,Automatic,15300
BMW,2017,7,1.2,98,80787,46.0,1,9.7,Hybrid,Automatic,16500
Toyota,2018,6,3.0,182,60156,30.5,2,10.0,Diesel,Automatic,12200
Volkswagen,2016,8,3.5,205,106544,26.9,1,6.3,Diesel,Automatic,5100
Volkswagen,2019,5,2.0,121,62956,33.0,1,8.9,Petrol,Automatic,9000
BMW,2023,1,1.4,74,6608,40.9,1,10.0,Hybrid,Automatic,44600
Mazda,2012,12,4.0,243,136820,23.3,2,6.9,Petrol,Automatic,3800
Hyundai,2023,1,1.8,102,17389,41.4,1,10.0,Diesel,Automatic,17200
Subaru,2010,14,3.0,162,176291,27.9,2,5.7,Hybrid,Automatic,2800
Subaru,2016,8,1.8,131,93942,36.9,2,7.3,Diesel,Automatic,5400
Mazda,2023,1,1.2,81,6006,40.2,1,10.0,Hybrid,Automatic,23600
BMW,2016,8,1.6,106,91462,39.9,1,9.1,Petrol,Automatic,12100
Tesla,2017,7,4.5,271,79838,20.6,2,10.0,Petrol,Automatic,37000
Kia,2022,2,1.8,119,25138,38.1,1,10.0,Petrol,Automatic,14800
Ford,2012,12,4.5,272,134034,17.8,3,6.8,Petrol,Automatic,3500
Ford,2017,7,2.0,133,69077,37.0,2,10.0,Petrol,Manual,7100
Audi,2021,3,1.4,99,25116,37.7,2,10.0,Petrol,Automatic,28800
Toyota,2021,3,3.0,178,43012,32.1,1,10.0,Petrol,Automatic,19600
Kia,2017,7,2.0,75,96059,38.8,2,8.3,Petrol,Automatic,4000
Toyota,2012,12,5.0,294,149753,21.2,3,7.0,Hybrid,Automatic,5700
Toyota,2015,9,3.5,193,109475,28.2,2,9.3,Petrol,Automatic,7100
Toyota,2013,11,2.0,124,133293,35.7,2,6.4,Petrol,Manual,3100
Volkswagen,2016,8,1.6,97,86876,38.6,3,10.0,Hybrid,Automatic,6600
Hyundai,2013,11,1.0,60,128934,38.8,2,7.1,Petrol,Manual,2000
Toyota,2017,7,5.0,289,93886,22.5,3,9.3,Petrol,Automatic,10500
Mercedes,2021,3,4.0,229,43572,28.6,2,10.0,Petrol,Automatic,46000
Mercedes,2019,5,1.8,84,57466,38.9,1,8.6,Hybrid,Automatic,21700
Kia,2022,2,1.0,60,34406,44.4,1,10.0,Petrol,Manual,11500
Subaru,2010,14,1.8,114,162666,34.7,4,5.0,Petrol,Automatic,1700
Mercedes,2020,4,1.2,72,52468,41.0,2,10.0,Petrol,Automatic,26400
Chevrolet,2013,11,1.4,104,143590,36.5,5,6.0,Hybrid,Automatic,2200
Ford,2013,11,2.0,137,144865,34.0,5,6.1,Diesel,Manual,2400
Honda,2012,12,2.0,97,135230,30.7,3,6.7,Diesel,Automatic,2800
Kia,2015,9,1.2,60,86841,40.4,3,8.6,Diesel,Automatic,2800
Audi,2015,9,4.0,223,107434,29.2,5,8.3,Petrol,Automatic,12900
Ford,2019,5,4.5,285,70847,21.6,1,9.0,Petrol,Automatic,12300
Nissan,2022,2,4.5,262,22217,22.4,1,9.5,Petrol,Manual,19900
Subaru,2014,10,1.6,62,132613,36.0,5,7.2,Petrol,Automatic,3900
Mazda,2016,8,3.5,226,90207,27.8,3,8.9,Hybrid,Automatic,7900
Mercedes,2020,4,4.5,267,47741,26.8,2,10.0,Petrol,Automatic,42400
Volkswagen,2021,3,1.6,95,36413,41.8,1,10.0,Diesel,Manual,14100
Audi,2023,1,3.0,177,3652,33.1,1,10.0,Petrol,Manual,45200
Audi,2023,1,4.0,252,20415,30.6,1,10.0,Petrol,Automatic,57300
Chevrolet,2012,12,4.0,229,134424,24.3,2,7.0,Petrol,Automatic,3400
BMW,2015,9,1.6,83,90239,40.3,3,8.4,Petrol,Automatic,9200
Chevrolet,2013,11,3.5,202,117718,29.3,2,5.5,Petrol,Automatic,2600
Mercedes,2019,5,1.6,127,56232,38.9,2,10.0,Petrol,Manual,19800
Ford,2018,6,1.8,101,79123,44.8,2,8.6,Petrol,Automatic,6400
Mazda,2016,8,1.8,111,79299,35.4,3,9.8,Petrol,Automatic,6000
Toyota,2010,14,4.5,279,160757,22.3,5,5.2,Petrol,Manual,2500
Toyota,2022,2,3.0,179,15917,36.1,1,10.0,Petrol,Automatic,26200
Honda,2019,5,3.5,206,65334,29.0,2,10.0,Hybrid,Automatic,16600
Ford,2021,3,1.6,94,30541,37.9,1,10.0,Hybrid,Automatic,16700
Chevrolet,2022,2,2.5,138,24005,37.1,1,10.0,Petrol,Automatic,16300
Chevrolet,2022,2,1.6,91,32811,43.1,1,10.0,Diesel,Automatic,14200
Audi,2022,2,4.5,257,20246,24.8,1,10.0,Diesel,Automatic,53500
Toyota,2018,6,2.0,116,74314,38.9,1,9.8,Petrol,Manual,9000
Nissan,2010,14,1.8,94,181554,37.5,4,5.4,Hybrid,Automatic,1600
Mercedes,2011,13,1.8,111,142110,32.7,4,4.8,Petrol,Automatic,4300
Mercedes,2017,7,4.5,286,84911,22.3,3,9.9,Petrol,Automatic,25200
Ford,2010,14,1.4,99,176428,39.6,5,6.4,Diesel,Automatic,1700
Mercedes,2012,12,2.0,121,142286,37.4,5,7.1,Petrol,Automatic,7200
Chevrolet,2017,7,4.0,246,65934,27.1,3,9.8,Petrol,Manual,9500
Audi,2012,12,5.0,288,143552,18.8,4,6.1,Petrol,Automatic,7700
Mercedes,2010,14,4.0,252,156963,23.4,4,6.8,Petrol,Manual,6900
Kia,2015,9,5.0,310,105573,17.4,3,9.1,Diesel,Automatic,5600
Volkswagen,2015,9,3.5,226,102806,27.0,5,6.0,Hybrid,Automatic,4800
Toyota,2013,11,1.4,60,125140,34.7,5,6.8,Electric,Manual,3900
Mercedes,2013,11,4.0,262,133725,26.0,3,6.4,Petrol,Automatic,9800
Honda,2015,9,4.5,257,104384,19.6,2,7.6,Diesel,Automatic,6300
Tesla,2022,2,3.0,176,25848,38.2,1,10.0,Hybrid,Automatic,89700
Volkswagen,2022,2,1.4,80,12506,39.7,1,10.0,Hybrid,Automatic,20700
Mazda,2015,9,4.5,274,94080,20.0,4,8.4,Petrol,Automatic,6400
BMW,2011,13,1.8,113,151107,29.9,3,7.0,Petrol,Automatic,5500
Honda,2013,11,2.5,143,126498,31.6,4,6.8,Diesel,Automatic,3200
Volkswagen,2020,4,4.0,219,45309,28.1,2,8.6,Diesel,Automatic,15100
Hyundai,2014,10,2.5,158,125623,31.3,4,6.1,Diesel,Automatic,2700
Subaru,2015,9,1.8,129,113542,31.9,4,8.2,Petrol,Automatic,5100
Ford,2015,9,5.0,312,110861,13.0,4,7.4,Petrol,Automatic,6000
Ford,2014,10,1.4,85,112654,41.0,5,7.4,Petrol,Manual,2500
Kia,2020,4,3.0,200,43454,32.3,2,10.0,Petrol,Manual,11800
Mercedes,2014,10,4.5,266,114986,19.6,5,7.9,Diesel,Automatic,12700
Chevrolet,2021,3,1.0,60,41290,43.7,1,9.3,Petrol,Manual,9400
Honda,2011,13,4.0,218,182450,20.8,4,4.7,Hybrid,Automatic,2600
Subaru,2021,3,3.0,180,20727,28.4,1,10.0,Petrol,Automatic,23400
Volkswagen,2021,3,5.0,318,38829,24.5,1,10.0,Electric,Automatic,28500
Mercedes,2022,2,2.5,181,17326,36.8,1,10.0,Electric,Manual,62000
Audi,2016,8,2.0,140,84312,28.1,2,7.8,Hybrid,Automatic,12500
Audi,2016,8,4.5,251,82030,24.5,3,7.7,Petrol,Manual,14200
Nissan,2015,9,4.5,279,125786,25.0,5,8.5,Petrol,Automatic,5900
Volkswagen,2010,14,5.0,296,149525,18.4,3,6.1,Petrol,Manual,2500
Nissan,2023,1,1.2,60,11381,46.1,1,10.0,Petrol,Automatic,16400
Subaru,2010,14,5.0,300,170279,15.1,5,6.8,Petrol,Automatic,3800
Ford,2018,6,1.0,60,67141,43.6,2,8.7,Petrol,Automatic,5400
Hyundai,2020,4,2.5,177,57159,37.7,1,9.7,Petrol,Automatic,9900
Chevrolet,2017,7,3.5,193,73696,26.4,1,7.4,Hybrid,Automatic,7300
Honda,2022,2,1.6,107,30494,39.9,1,10.0,Petrol,Manual,17800
Subaru,2013,11,3.0,152,121413,35.5,5,7.2,Petrol,Automatic,4300
Mazda,2019,5,1.4,86,55551,37.8,1,10.0,Diesel,Automatic,9400
Kia,2016,8,2.0,105,92250,34.1,1,7.3,Petrol,Automatic,3200
Tesla,2018,6,1.6,86,65720,42.2,3,9.1,Electric,Automatic,37200
Ford,2010,14,3.5,205,172631,24.4,2,7.8,Petrol,Automatic,2800
Hyundai,2015,9,3.0,188,104056,30.0,3,8.1,Petrol,Automatic,4700
Ford,2020,4,2.0,119,46698,38.7,1,9.7,Diesel,Automatic,11500
Nissan,2016,8,3.5,215,96339,29.0,2,8.8,Petrol,Manual,5400
Nissan,2010,14,4.5,269,167578,22.0,3,4.7,Diesel,Manual,1700
Toyota,2012,12,1.8,135,142495,37.0,3,7.8,Petrol,Automatic,3500
Tesla,2013,11,2.5,126,140977,30.5,4,6.8,Diesel,Automatic,11400
Subaru,2018,6,1.2,60,66754,45.1,2,9.4,Petrol,Manual,8100
Mazda,2018,6,1.2,69,59405,39.0,3,9.2,Petrol,Manual,7300
Subaru,2013,11,1.8,133,144413,34.5,2,7.5,Petrol,Automatic,4000
Kia,2016,8,1.2,75,101420,37.5,1,9.4,Petrol,Automatic,3800
Tesla,2018,6,1.8,105,78955,46.7,2,8.7,Petrol,Manual,24600
Honda,2016,8,1.0,71,86063,37.8,3,7.7,Petrol,Automatic,4300
Chevrolet,2021,3,2.0,124,33420,37.4,2,10.0,Petrol,Automatic,13300
Audi,2022,2,4.0,244,28303,28.7,1,10.0,Diesel,Manual,44300
Audi,2017,7,2.0,135,86482,31.6,2,9.8,Petrol,Automatic,14300
Hyundai,2020,4,5.0,279,49597,21.0,2,10.0,Petrol,Automatic,13800
Honda,2010,14,1.2,70,157436,33.8,3,6.4,Hybrid,Automatic,2100
Audi,2012,12,3.5,217,139321,24.1,4,6.4,Petrol,Automatic,7000
Mercedes,2017,7,4.0,223,99698,26.7,2,8.6,Hybrid,Automatic,22600
BMW,2016,8,5.0,287,81372,23.8,3,6.1,Diesel,Automatic,13100
Volkswagen,2015,9,2.0,99,115903,39.4,3,7.6,Diesel,Manual,3600
Toyota,2016,8,2.5,147,100121,35.2,1,8.4,Diesel,Automatic,7300
Mazda,2022,2,4.0,242,30239,32.9,1,10.0,Diesel,Automatic,27200
Kia,2011,13,4.5,266,150717,24.1,4,4.4,Diesel,Automatic,1700
Volkswagen,2010,14,1.0,88,161856,35.9,3,6.0,Diesel,Automatic,1500
Mazda,2020,4,5.0,297,33668,21.4,2,10.0,Diesel,Automatic,21200
Kia,2010,14,4.5,250,169428,18.8,4,3.9,Diesel,Manual,1200
Hyundai,2011,13,3.5,220,150128,23.7,3,5.6,Electric,Manual,2500
Audi,2022,2,3.0,204,14724,37.2,1,10.0,Hybrid,Manual,50100
Chevrolet,2011,13,4.5,279,171094,20.3,2,4.0,Hybrid,Manual,2100
Mazda,2021,3,1.0,60,30241,34.8,2,10.0,Petrol,Automatic,13900
Tesla,2012,12,4.5,277,148508,16.5,5,7.5,Hybrid,Automatic,17600
Kia,2015,9,4.0,238,97698,32.7,3,6.7,Diesel,Automatic,3900
Kia,2023,1,2.5,142,11848,34.5,1,10.0,Diesel,Automatic,19800
Toyota,2021,3,4.0,246,54555,29.2,2,10.0,Diesel,Automatic,22800
Tesla,2011,13,4.0,254,160624,20.0,4,6.1,Hybrid,Automatic,12800
Mazda,2012,12,1.2,78,144263,40.2,2,7.4,Diesel,Automatic,2500
Audi,2012,12,2.0,126,140184,33.3,2,5.6,Petrol,Automatic,5000
BMW,2018,6,1.4,71,66193,38.2,1,10.0,Diesel,Automatic,17800
Subaru,2012,12,2.5,150,151688,29.7,3,6.9,Hybrid,Automatic,4100
Hyundai,2013,11,1.2,87,135556,39.1,2,6.1,Petrol,Automatic,2000
Hyundai,2021,3,3.5,186,29370,32.2,1,10.0,Hybrid,Manual,17400
Mazda,2015,9,1.2,60,112435,34.4,3,6.4,Diesel,Automatic,3000
Subaru,2021,3,2.0,128,33676,38.6,2,10.0,Petrol,Automatic,17600
Mercedes,2014,10,3.5,228,119000,22.7,4,8.1,Petrol,Automatic,13600
Kia,2020,4,4.0,263,48287,28.4,1,9.7,Diesel,Automatic,11800
Audi,2017,7,1.0,60,79191,43.6,1,10.0,Hybrid,Automatic,13200
Honda,2023,1,3.0,193,14717,33.0,1,10.0,Electric,Automatic,38000
Subaru,2017,7,3.5,251,92622,24.8,1,8.1,Petrol,Manual,8100
Volkswagen,2017,7,1.2,71,77111,41.1,2,9.6,Petrol,Automatic,5700
Kia,2019,5,5.0,277,62394,23.7,2,10.0,Petrol,Automatic,10700
Kia,2019,5,3.0,175,59090,34.8,1,10.0,Hybrid,Automatic,10700
BMW,2023,1,1.2,84,11168,47.1,1,10.0,Petrol,Automatic,43000
Chevrolet,2014,10,2.0,96,118550,33.7,2,7.3,Petrol,Manual,3000
Subaru,2016,8,4.5,267,102336,21.4,3,9.8,Hybrid,Manual,11200
Volkswagen,2014,10,2.0,140,134976,34.3,2,6.0,Diesel,Automatic,2900
Toyota,2016,8,3.0,183,102698,31.6,3,9.1,Diesel,Manual,7100
Ford,2015,9,1.4,68,90906,40.5,2,6.4,Hybrid,Manual,3300
Chevrolet,2022,2,3.5,198,20192,29.9,1,10.0,Petrol,Manual,19300
Toyota,2016,8,4.0,243,106561,29.3,1,7.9,Petrol,Automatic,7500
Tesla,2016,8,3.0,178,97502,25.1,3,8.7,Diesel,Automatic,24800
Nissan,2013,11,5.0,324,130453,21.9,3,7.1,Petrol,Manual,3400
Volkswagen,2019,5,2.5,169,54556,37.8,1,9.5,Hybrid,Automatic,11200
Honda,2023,1,1.6,110,4880,36.9,1,10.0,Petrol,Automatic,23700
Kia,2019,5,3.5,217,78134,29.0,2,10.0,Petrol,Automatic,9400
Mazda,2014,10,1.8,118,118673,30.6,3,7.0,Petrol,Automatic,3300
Toyota,2013,11,4.0,254,132646,19.5,2,6.7,Diesel,Automatic,4700
Tesla,2023,1,2.5,150,5679,36.1,1,10.0,Petrol,Automatic,98300
Kia,2014,10,1.4,108,124940,29.4,4,7.3,Diesel,Automatic,2700
BMW,2022,2,1.0,60,29583,49.6,1,10.0,Diesel,Automatic,32000
Toyota,2016,8,1.6,68,90824,37.1,1,8.8,Diesel,Automatic,5700
Tesla,2020,4,1.4,83,46223,45.3,1,10.0,Hybrid,Manual,48000
Nissan,2020,4,2.5,126,18955,37.3,2,10.0,Diesel,Automatic,13400
Honda,2021,3,3.0,204,42219,31.2,2,10.0,Petrol,Automatic,18500
Ford,2012,12,1.2,77,136496,34.3,5,5.8,Hybrid,Manual,2100
Mazda,2015,9,2.5,145,103693,34.2,4,7.3,Petrol,Automatic,4200
Volkswagen,2016,8,1.2,60,97221,44.6,2,7.9,Petrol,Automatic,4300
Nissan,2016,8,2.5,143,97856,38.0,2,8.8,Petrol,Automatic,4900
Ford,2012,12,2.0,139,136435,35.1,2,5.7,Diesel,Automatic,2000
Chevrolet,2019,5,2.5,135,69340,37.4,1,10.0,Petrol,Automatic,9000
Nissan,2012,12,1.4,82,125798,35.5,5,5.1,Diesel,Automatic,1400
Chevrolet,2023,1,4.5,253,16981,28.9,1,10.0,Electric,Automatic,33800
Nissan,2019,5,2.0,112,69370,35.7,1,10.0,Petrol,Automatic,9100
Mercedes,2022,2,1.4,60,20826,44.8,1,10.0,Diesel,Automatic,37100
Nissan,2022,2,2.5,150,28057,35.9,1,10.0,Petrol,Automatic,15900
Volkswagen,2016,8,2.5,140,99179,35.4,2,8.9,Diesel,Automatic,5700
Toyota,2013,11,1.0,60,149184,32.0,4,7.0,Petrol,Manual,2900
Nissan,2021,3,1.2,67,34019,41.4,2,10.0,Diesel,Automatic,11800
BMW,2016,8,1.6,84,89331,38.6,2,7.1,Petrol,Automatic,9400
Nissan,2015,9,1.8,110,113852,38.0,4,8.5,Diesel,Automatic,3800
Audi,2013,11,1.4,87,136685,41.4,4,7.5,Electric,Automatic,8800
Nissan,2013,11,4.5,281,135588,30.9,5,7.8,Electric,Automatic,5200
Ford,2011,13,1.2,70,157413,35.5,3,5.6,Petrol,Automatic,1500
Kia,2011,13,5.0,310,154404,20.4,4,5.6,Petrol,Automatic,2400
Mercedes,2021,3,4.0,258,28385,27.4,1,10.0,Electric,Automatic,63500
Nissan,2014,10,1.2,86,125293,37.6,3,5.7,Hybrid,Automatic,2600
Mercedes,2014,10,3.0,170,117874,33.5,2,9.9,Diesel,Automatic,15300
Mercedes,2013,11,1.6,90,119532,36.1,2,7.5,Petrol,Manual,8000
Toyota,2018,6,3.5,214,71376,31.0,1,10.0,Diesel,Automatic,13400
Audi,2019,5,1.6,110,49023,42.7,1,9.0,Electric,Automatic,25500
Mercedes,2014,10,1.2,91,122068,37.3,3,6.9,Diesel,Automatic,8200
Toyota,2014,10,1.6,105,126902,38.7,2,6.3,Hybrid,Manual,3700
Volkswagen,2013,11,3.0,171,135954,26.6,3,7.0,Petrol,Automatic,3500
Kia,2012,12,1.6,63,132058,33.1,4,5.0,Hybrid,Automatic,1500
Toyota,2014,10,1.2,66,119507,40.5,5,7.6,Petrol,Manual,3200
Mazda,2015,9,1.6,116,104458,34.1,2,8.4,Diesel,Manual,4100
Hyundai,2011,13,2.0,112,148833,31.4,5,4.5,Petrol,Automatic,1300
Volkswagen,2012,12,3.5,182,135208,32.3,3,6.0,Diesel,Manual,2600
Ford,2020,4,1.8,110,45861,42.9,1,8.5,Petrol,Automatic,8800
Kia,2019,5,4.5,271,58852,22.3,2,10.0,Hybrid,Manual,11600
Kia,2022,2,1.6,79,13943,42.1,1,10.0,Diesel,Automatic,14400
Mazda,2019,5,2.0,131,54293,40.1,2,8.6,Petrol,Manual,9100
BMW,2022,2,3.5,229,24736,31.1,1,9.9,Diesel,Manual,46500
Subaru,2023,1,3.5,192,30205,30.3,1,10.0,Petrol,Manual,28700
Honda,2011,13,1.8,93,173760,33.1,5,6.0,Petrol,Automatic,2300
Ford,2022,2,1.4,104,22915,46.1,1,10.0,Diesel,Automatic,17700
Audi,2011,13,4.0,217,159811,20.4,5,5.0,Diesel,Automatic,5100
Tesla,2011,13,3.5,224,168429,27.0,5,6.1,Diesel,Automatic,10100
Audi,2021,3,3.5,210,24449,29.7,2,10.0,Hybrid,Automatic,43400
Mercedes,2022,2,5.0,291,43482,19.7,1,10.0,Diesel,Automatic,58100
Toyota,2010,14,2.0,122,175063,31.8,3,7.3,Diesel,Automatic,2500
Kia,2010,14,2.5,139,160033,30.1,3,6.6,Diesel,Automatic,1600
Audi,2017,7,1.2,73,83268,42.8,2,8.1,Petrol,Automatic,10700
Subaru,2011,13,1.4,79,155191,35.4,5,7.0,Diesel,Manual,2300
Mazda,2013,11,1.8,118,123241,34.9,2,5.7,Electric,Automatic,3000
Chevrolet,2020,4,2.5,156,51885,34.3,1,10.0,Petrol,Manual,10400
Audi,2011,13,2.0,101,153265,36.7,2,6.2,Diesel,Manual,4500
Ford,2015,9,4.0,243,116097,25.3,4,7.8,Diesel,Automatic,5600
Tesla,2023,1,2.0,128,0,42.8,1,10.0,Diesel,Automatic,92700
Hyundai,2011,13,3.0,190,157117,31.5,2,6.4,Electric,Automatic,2800
Chevrolet,2011,13,3.5,218,171926,26.1,3,6.6,Diesel,Automatic,2400
Ford,2021,3,3.5,213,29244,32.4,1,10.0,Petrol,Automatic,15700
Mercedes,2010,14,3.0,181,188586,28.8,5,5.2,Hybrid,Automatic,5600
Mazda,2023,1,3.0,178,3952,35.8,1,10.0,Hybrid,Automatic,30800
Hyundai,2019,5,3.0,172,55308,36.2,2,8.9,Petrol,Manual,8600
Honda,2022,2,2.5,153,35056,29.9,1,10.0,Petrol,Automatic,21800
Tesla,2022,2,1.2,77,36086,42.9,1,10.0,Petrol,Automatic,61100
Toyota,2012,12,4.5,273,152005,29.3,3,7.8,Petrol,Automatic,4700
Subaru,2023,1,1.0,60,11481,44.1,1,10.0,Petrol,Automatic,24700
Honda,2020,4,1.6,83,42141,34.6,1,10.0,Petrol,Automatic,13100
Mercedes,2016,8,1.0,60,97154,41.2,1,8.0,Hybrid,Automatic,12300
Kia,2017,7,4.5,269,70714,26.0,2,8.6,Petrol,Automatic,6000
Tesla,2013,11,2.0,113,128216,34.9,2,6.7,Hybrid,Automatic,11900
Audi,2013,11,2.5,153,122524,28.8,2,7.4,Diesel,Manual,7800
Audi,2020,4,4.0,237,27455,35.1,2,9.7,Diesel,Automatic,38900
Ford,2018,6,1.4,91,62225,41.6,3,8.5,Petrol,Automatic,6200
Mercedes,2014,10,5.0,306,125489,21.0,5,4.8,Electric,Manual,11400
Kia,2011,13,1.0,60,152804,35.4,3,5.4,Diesel,Automatic,1200
Honda,2016,8,1.0,60,86023,41.0,2,7.8,Petrol,Manual,4400
BMW,2017,7,3.0,180,93716,34.1,2,8.1,Petrol,Automatic,14200
Kia,2015,9,1.8,106,91114,33.1,2,7.5,Diesel,Automatic,3000
Kia,2018,6,1.8,117,81282,36.5,3,8.2,Diesel,Manual,4900
Volkswagen,2014,10,1.4,60,95843,38.1,3,7.7,Diesel,Automatic,3400
Audi,2016,8,2.5,151,87009,36.1,2,9.1,Petrol,Manual,13000
Nissan,2017,7,4.0,242,94965,19.9,3,9.0,Electric,Automatic,9600
Ford,2023,1,2.0,120,24299,42.4,1,10.0,Petrol,Automatic,19400
Honda,2021,3,2.5,139,41775,39.9,1,10.0,Hybrid,Automatic,20200
Nissan,2010,14,4.5,254,146982,17.9,2,5.3,Petrol,Automatic,1900
Chevrolet,2011,13,3.5,214,166101,22.4,3,4.7,Diesel,Automatic,1900
Nissan,2012,12,1.0,63,131935,38.0,3,6.2,Diesel,Automatic,1800
Chevrolet,2015,9,3.5,176,97128,26.3,2,9.5,Petrol,Automatic,5700
Hyundai,2022,2,1.0,60,16327,49.8,1,10.0,Petrol,Automatic,13100
Hyundai,2020,4,2.0,127,42611,33.2,2,9.7,Petrol,Automatic,10700
Mazda,2021,3,3.0,184,28914,37.0,2,10.0,Petrol,Manual,17900
Subaru,2020,4,2.5,154,42445,35.6,1,10.0,Petrol,Automatic,18200
Honda,2022,2,2.5,157,20016,36.8,1,10.0,Diesel,Manual,22300
Tesla,2010,14,1.6,113,170050,37.2,4,6.2,Electric,Automatic,9000
BMW,2022,2,5.0,315,37624,24.9,1,10.0,Diesel,Automatic,57500
Mercedes,2023,1,3.0,172,27080,32.9,1,10.0,Petrol,Automatic,48000
Kia,2022,2,1.0,81,26320,45.5,1,10.0,Diesel,Automatic,12200
Subaru,2018,6,1.6,90,70614,37.7,3,8.2,Petrol,Automatic,7500
Hyundai,2016,8,1.2,62,104427,42.8,1,6.6,Petrol,Automatic,2800
Kia,2013,11,2.0,133,123030,37.0,2,8.4,Diesel,Automatic,2800
Hyundai,2019,5,4.5,275,66889,22.0,2,10.0,Petrol,Automatic,11800
Tesla,2010,14,4.5,270,180045,21.0,4,8.0,Petrol,Automatic,13100
Nissan,2015,9,1.6,76,99697,38.4,3,7.8,Petrol,Automatic,3200
Mazda,2020,4,1.0,74,55061,46.6,2,10.0,Diesel,Automatic,10400
Chevrolet,2014,10,1.0,61,109750,40.7,3,6.2,Petrol,Automatic,2200
Nissan,2016,8,1.0,60,93243,40.6,3,6.8,Electric,Manual,3600
Tesla,2016,8,3.5,211,84352,28.8,3,8.9,Petrol,Manual,25100
Audi,2012,12,4.0,241,157483,26.1,4,5.6,Diesel,Manual,6200
Subaru,2014,10,1.0,73,129036,39.3,2,6.9,Diesel,Automatic,3500
Mercedes,2020,4,4.5,266,70758,22.9,2,10.0,Petrol,Automatic,37000
Hyundai,2018,6,1.0,62,101181,41.4,1,8.3,Petrol,Automatic,4200
Hyundai,2023,1,4.5,256,18287,25.9,1,10.0,Petrol,Automatic,26900
Chevrolet,2013,11,2.0,128,150014,30.6,4,4.8,Diesel,Automatic,1900
Mazda,2023,1,3.0,163,4125,30.3,1,10.0,Hybrid,Automatic,31000
Volkswagen,2019,5,1.2,60,52510,38.6,1,10.0,Diesel,Automatic,8700
Toyota,2023,1,1.4,61,6140,41.5,1,10.0,Diesel,Automatic,23500
Hyundai,2016,8,1.6,97,81201,32.9,2,8.2,Hybrid,Automatic,4300
Toyota,2015,9,1.2,74,99556,41.4,2,6.7,Petrol,Automatic,3600
Mercedes,2015,9,1.4,103,109693,39.8,4,7.4,Petrol,Automatic,10200
Toyota,2022,2,1.2,68,46331,40.3,1,10.0,Diesel,Manual,14400
Nissan,2015,9,1.4,83,99063,41.2,3,6.8,Diesel,Automatic,2800
Tesla,2013,11,1.2,63,120118,38.7,3,6.5,Diesel,Automatic,9000
Honda,2014,10,1.6,86,129824,40.9,3,7.0,Petrol,Automatic,3200
Kia,2011,13,2.0,130,144002,35.6,4,5.9,Diesel,Automatic,1500
Kia,2021,3,4.5,279,30084,24.9,2,10.0,Hybrid,Automatic,21000
Tesla,2022,2,4.0,258,8813,26.3,1,10.0,Hybrid,Automatic,112300
Chevrolet,2014,10,1.4,94,122787,37.4,3,6.8,Petrol,Manual,2400
BMW,2010,14,1.4,96,187072,31.7,3,6.5,Petrol,Manual,4300
Nissan,2018,6,4.0,225,67487,29.0,2,9.3,Hybrid,Automatic,10600
Hyundai,2021,3,1.4,75,35284,44.9,1,10.0,Diesel,Automatic,12000
BMW,2018,6,4.0,212,77369,30.7,3,9.2,Hybrid,Automatic,24500
Volkswagen,2015,9,1.8,98,117118,34.5,2,8.7,Diesel,Manual,4800
Chevrolet,2014,10,5.0,318,124211,22.4,4,5.5,Petrol,Automatic,3300
Subaru,2013,11,4.0,240,133940,27.8,4,6.5,Petrol,Automatic,4700
Toyota,2021,3,2.5,140,33073,33.9,1,10.0,Diesel,Automatic,20900
Toyota,2018,6,4.0,242,74521,30.8,2,8.5,Petrol,Automatic,10700
Hyundai,2012,12,3.5,218,149528,24.0,3,7.2,Petrol,Manual,2600
Honda,2022,2,1.8,133,28632,39.4,1,10.0,Petrol,Automatic,17900
Nissan,2013,11,1.6,76,110220,34.4,3,6.9,Petrol,Automatic,2400
Mercedes,2022,2,4.5,294,9792,30.7,1,10.0,Hybrid,Manual,71900
Chevrolet,2016,8,3.5,214,83461,28.5,1,8.8,Diesel,Automatic,5700
Honda,2015,9,2.0,105,100358,38.1,2,9.1,Petrol,Automatic,5300
Volkswagen,2022,2,1.0,60,12095,46.8,1,10.0,Hybrid,Automatic,19300
Kia,2017,7,4.0,239,85373,30.7,1,8.2,Petrol,Automatic,5600
Ford,2021,3,2.0,130,29870,38.3,1,10.0,Petrol,Manual,14300
Mazda,2020,4,1.6,104,55556,39.3,2,10.0,Hybrid,Automatic,13100
Nissan,2022,2,3.5,187,16045,33.6,1,10.0,Diesel,Automatic,20000
Volkswagen,2014,10,1.2,70,100326,38.9,3,8.3,Petrol,Manual,3600
Toyota,2010,14,3.0,174,162998,27.5,5,7.2,Petrol,Automatic,2900
Nissan,2014,10,1.0,72,120827,40.1,4,9.0,Hybrid,Automatic,3500
Audi,2013,11,4.0,230,133449,28.1,4,4.5,Petrol,Automatic,5600
Ford,2011,13,2.0,114,163353,33.7,3,5.4,Hybrid,Manual,1600
Tesla,2015,9,1.6,87,119194,34.9,5,8.4,Diesel,Automatic,16300
Toyota,2020,4,3.5,220,52416,29.2,1,9.6,Petrol,Automatic,18300
Audi,2021,3,1.6,101,24619,42.8,2,9.9,Electric,Automatic,38500
Nissan,2021,3,1.6,133,25443,39.4,2,10.0,Diesel,Automatic,14300
Nissan,2021,3,1.2,65,42435,43.0,1,10.0,Petrol,Automatic,11600
Toyota,2023,1,1.0,60,10425,41.2,1,10.0,Petrol,Manual,21600
Mazda,2011,13,1.0,92,138553,35.6,4,3.6,Diesel,Automatic,1100
Audi,2012,12,3.0,185,131825,29.0,4,6.0,Petrol,Automatic,6100
BMW,2019,5,1.0,62,70238,39.5,2,7.5,Diesel,Manual,13400
Kia,2018,6,4.5,293,64461,25.6,2,10.0,Petrol,Manual,9600
Toyota,2015,9,3.0,177,88262,31.6,2,10.0,Petrol,Automatic,7200
BMW,2013,11,1.8,119,133837,34.3,5,7.1,Petrol,Automatic,7000
Ford,2019,5,4.0,228,59674,24.7,1,8.6,Diesel,Automatic,11900
Audi,2015,9,4.0,278,114713,29.0,2,7.0,Hybrid,Automatic,13900
Tesla,2015,9,1.8,128,113818,35.5,3,8.5,Diesel,Automatic,17000
Chevrolet,2011,13,2.0,135,173726,29.8,4,7.7,Diesel,Manual,2100
Mazda,2021,3,4.0,238,19804,27.7,1,10.0,Petrol,Manual,21700
Honda,2021,3,1.6,100,20129,40.5,2,10.0,Petrol,Automatic,16400
Ford,2011,13,3.5,203,149684,28.4,5,6.5,Hybrid,Automatic,3000
Tesla,2015,9,1.2,64,115857,43.6,4,7.0,Hybrid,Manual,13800
Audi,2016,8,1.4,102,91023,35.2,1,8.1,Diesel,Manual,10100
Hyundai,2010,14,1.6,126,168265,34.2,4,4.9,Petrol,Automatic,1100
Tesla,2022,2,3.5,243,38855,33.8,1,9.5,Petrol,Automatic,81900
Volkswagen,2021,3,3.5,204,45737,31.9,2,10.0,Hybrid,Manual,19600
Audi,2019,5,1.0,65,63198,41.8,2,10.0,Diesel,Automatic,17100
Toyota,2015,9,2.0,136,104798,28.3,4,7.2,Diesel,Automatic,5100
Toyota,2015,9,3.5,191,113225,37.3,5,8.3,Hybrid,Automatic,7400
Mercedes,2018,6,1.0,60,59552,41.9,2,9.7,Petrol,Automatic,18900
Hyundai,2017,7,1.0,60,78876,44.4,2,8.2,Petrol,Automatic,3800
Chevrolet,2015,9,3.0,193,100701,36.4,5,7.3,Diesel,Automatic,4300
Mazda,2012,12,4.5,282,156223,20.5,4,6.2,Petrol,Automatic,3400
Mazda,2014,10,4.0,250,120294,21.5,3,7.3,Diesel,Manual,5100
Hyundai,2015,9,2.0,136,114939,41.5,4,8.7,Petrol,Automatic,4000
Kia,2010,14,4.0,230,170952,22.3,5,6.2,Petrol,Manual,1700
Tesla,2015,9,1.8,148,105693,39.8,4,9.4,Petrol,Manual,18100
Mazda,2013,11,1.4,76,143459,40.9,3,8.7,Petrol,Manual,3300
Nissan,2010,14,2.5,148,168343,31.0,5,6.6,Diesel,Automatic,1700
Toyota,2021,3,2.5,166,40710,26.1,1,10.0,Electric,Manual,21800
Toyota,2016,8,4.0,210,87058,20.2,2,8.7,Hybrid,Manual,8700
Tesla,2014,10,1.6,93,106184,31.6,4,8.8,Diesel,Manual,16600
Kia,2017,7,2.5,144,66060,32.3,1,8.2,Hybrid,Manual,5500
Subaru,2022,2,4.0,226,21313,33.5,1,10.0,Diesel,Manual,29800
BMW,2020,4,1.8,106,57668,38.9,1,10.0,Electric,Automatic,29100
Ford,2023,1,1.0,60,15461,47.7,1,10.0,Hybrid,Automatic,19800
Audi,2010,14,1.0,60,178918,37.8,3,2.8,Petrol,Automatic,1700
Ford,2016,8,1.0,60,97754,41.6,3,8.7,Petrol,Manual,4100
Tesla,2014,10,2.5,166,120109,32.2,5,8.0,Hybrid,Manual,17900
Kia,2010,14,1.6,80,173106,34.0,2,5.6,Hybrid,Manual,1200
Volkswagen,2010,14,4.0,229,178818,25.7,5,6.6,Diesel,Automatic,2700
Tesla,2018,6,1.2,98,68501,40.4,3,9.2,Petrol,Automatic,27300
BMW,2016,8,1.6,101,99789,40.1,3,8.0,Diesel,Automatic,10300
Mazda,2013,11,1.4,96,133697,34.7,5,6.4,Diesel,Automatic,2800
Toyota,2020,4,1.6,116,49259,42.6,2,10.0,Petrol,Manual,11900
Tesla,2018,6,2.0,103,67549,37.8,2,8.4,Petrol,Manual,27200
Volkswagen,2022,2,4.5,273,28863,23.5,1,10.0,Petrol,Manual,26100
Tesla,2011,13,4.5,275,145141,27.3,2,6.5,Hybrid,Manual,13800
Ford,2015,9,3.0,194,95768,31.4,2,6.5,Hybrid,Automatic,4600
Mercedes,2018,6,2.5,158,56181,36.9,1,9.3,Petrol,Automatic,24600
Volkswagen,2010,14,1.8,107,172465,34.6,2,6.4,Diesel,Automatic,1700
Hyundai,2018,6,1.2,94,74494,42.2,1,7.8,Electric,Automatic,6300
Audi,2016,8,1.2,63,97536,39.9,1,7.9,Petrol,Manual,8800
Audi,2015,9,1.6,82,127801,37.0,5,8.6,Diesel,Automatic,10000
Subaru,2018,6,4.5,276,79171,23.0,2,10.0,Petrol,Manual,13900
BMW,2022,2,3.0,195,41660,42.4,1,10.0,Electric,Manual,51000
Audi,2017,7,1.4,88,71797,44.4,2,9.2,Diesel,Automatic,12600
Toyota,2022,2,4.0,223,17556,30.3,1,10.0,Petrol,Automatic,30500
Subaru,2019,5,1.6,109,49927,44.9,1,10.0,Petrol,Automatic,12700
Hyundai,2014,10,2.5,173,116896,27.9,5,6.6,Diesel,Manual,2900
Volkswagen,2012,12,1.0,60,135288,39.2,5,7.0,Petrol,Automatic,2000
Mercedes,2014,10,1.8,90,137697,36.4,5,7.6,Petrol,Automatic,8800
Tesla,2012,12,1.2,60,147548,35.4,2,7.5,Petrol,Automatic,10600
Mazda,2015,9,3.5,222,112622,24.3,5,8.6,Hybrid,Automatic,6900
Honda,2015,9,2.5,156,118010,31.8,3,5.9,Petrol,Automatic,4000
Ford,2022,2,4.0,231,19157,28.9,1,10.0,Petrol,Automatic,24300
Subaru,2014,10,1.0,60,113275,40.4,4,8.0,Diesel,Manual,3600
Tesla,2014,10,3.5,196,107831,30.9,2,7.8,Hybrid,Manual,18900
Ford,2019,5,3.5,237,46726,21.5,1,8.4,Diesel,Manual,9900
Toyota,2011,13,2.5,163,160584,36.2,4,6.8,Petrol,Manual,2500
Honda,2013,11,2.0,153,122610,31.7,3,8.5,Petrol,Manual,3800
Tesla,2022,2,1.4,89,11221,44.2,1,10.0,Petrol,Automatic,73100
Audi,2022,2,3.0,175,20417,32.3,1,10.0,Petrol,Manual,44800
Honda,2013,11,2.0,148,128005,34.9,3,6.6,Diesel,Automatic,3300
Subaru,2015,9,1.4,76,94954,35.8,5,6.4,Hybrid,Manual,4100
Ford,2021,3,2.5,143,35129,41.6,1,9.0,Petrol,Automatic,12700
Audi,2022,2,5.0,298,21899,26.7,1,10.0,Petrol,Automatic,58800
Toyota,2016,8,1.0,73,109669,42.7,2,10.0,Diesel,Manual,5500
Chevrolet,2016,8,1.4,99,81637,39.8,1,7.3,Petrol,Automatic,3600
Ford,2022,2,2.0,112,43584,41.5,1,10.0,Hybrid,Automatic,17000
Volkswagen,2023,1,4.0,237,15082,27.7,1,10.0,Hybrid,Automatic,34000
Mazda,2020,4,4.0,247,52792,32.4,2,10.0,Diesel,Manual,15200
Subaru,2023,1,4.0,236,8532,28.8,1,10.0,Petrol,Manual,36200
BMW,2022,2,1.4,74,13598,44.1,1,10.0,Diesel,Automatic,35900
Mercedes,2017,7,3.5,218,86571,32.4,2,10.0,Petrol,Manual,21600
Chevrolet,2018,6,1.2,70,65836,41.9,2,9.0,Petrol,Automatic,5700
Honda,2017,7,4.5,272,79867,23.0,2,10.0,Petrol,Automatic,10500
Volkswagen,2014,10,4.0,252,132334,25.0,5,6.2,Diesel,Manual,4200
Chevrolet,2022,2,3.0,156,38189,35.0,1,10.0,Hybrid,Automatic,20200
Nissan,2021,3,2.5,141,26741,35.7,1,10.0,Diesel,Automatic,13700
Ford,2018,6,3.5,210,72756,28.2,2,10.0,Petrol,Automatic,10000
Chevrolet,2013,11,1.6,89,111228,35.8,2,6.0,Petrol,Automatic,2000
Honda,2022,2,2.5,156,6646,37.2,1,10.0,Hybrid,Automatic,29400
Honda,2013,11,3.5,200,143188,30.8,2,8.1,Petrol,Manual,4400
Subaru,2013,11,2.0,114,123875,34.0,5,7.8,Petrol,Automatic,3900
Chevrolet,2021,3,2.5,148,35206,37.5,2,10.0,Petrol,Automatic,15000
Nissan,2019,5,1.0,60,57887,39.9,1,10.0,Petrol,Automatic,7800
Nissan,2016,8,3.5,188,95608,28.2,2,7.9,Diesel,Automatic,5300
BMW,2023,1,1.8,101,15211,43.3,1,10.0,Diesel,Automatic,42400
Subaru,2012,12,4.0,254,148935,23.6,3,6.2,Diesel,Automatic,3800
Nissan,2012,12,1.2,80,135394,33.7,5,4.6,Diesel,Automatic,1500
Toyota,2023,1,2.5,148,27330,40.6,1,10.0,Diesel,Automatic,24800
Toyota,2017,7,1.0,60,78045,41.6,2,9.8,Petrol,Manual,6100
Kia,2010,14,2.0,125,179408,29.5,2,6.0,Diesel,Manual,1500
Toyota,2011,13,1.8,130,144684,32.8,4,5.7,Petrol,Automatic,2100
Kia,2012,12,4.0,260,139012,22.0,4,7.0,Petrol,Manual,2400
Mercedes,2020,4,2.0,89,51061,37.6,1,9.4,Diesel,Automatic,25500
Toyota,2011,13,1.2,77,168470,40.1,3,7.3,Petrol,Automatic,2300
Ford,2013,11,2.5,165,129419,35.8,5,7.2,Petrol,Automatic,3300
Volkswagen,2013,11,1.8,82,147512,38.1,3,6.8,Petrol,Automatic,2800
Chevrolet,2019,5,1.4,66,64010,43.0,1,10.0,Hybrid,Automatic,9100
Honda,2013,11,5.0,300,132464,16.8,5,7.4,Diesel,Manual,5400
Hyundai,2022,2,2.5,178,0,35.0,1,10.0,Diesel,Automatic,20000
Nissan,2011,13,4.0,258,156824,22.4,3,5.5,Petrol,Manual,2100
Nissan,2013,11,2.5,142,121466,37.4,2,7.1,Hybrid,Manual,3300
Mercedes,2014,10,1.8,104,134184,35.0,4,6.6,Petrol,Automatic,7800
Kia,2020,4,5.0,307,47282,22.9,1,10.0,Petrol,Automatic,15100
Mercedes,2020,4,3.5,183,62579,33.2,2,10.0,Diesel,Manual,31400
Toyota,2022,2,1.6,109,39847,35.2,1,10.0,Petrol,Manual,16300
Ford,2011,13,3.0,180,165126,29.8,3,7.6,Diesel,Manual,2800
Volkswagen,2012,12,2.5,139,149476,31.9,5,5.6,Petrol,Automatic,2200
Kia,2016,8,4.0,249,106425,24.6,2,6.0,Petrol,Automatic,3900
Ford,2016,8,4.5,275,110554,21.7,1,8.7,Petrol,Automatic,7100
Kia,2013,11,3.0,192,124396,28.3,4,6.8,Petrol,Manual,2300
Chevrolet,2020,4,1.6,72,42086,41.8,1,9.0,Petrol,Automatic,8800
Honda,2016,8,3.0,168,109603,33.4,1,7.2,Electric,Automatic,7800
Audi,2022,2,3.0,192,17697,36.6,1,8.6,Petrol,Manual,34400
Volkswagen,2013,11,3.0,166,141416,33.0,3,8.1,Electric,Manual,5000
Subaru,2021,3,3.5,183,28317,31.3,1,10.0,Hybrid,Manual,24100
Hyundai,2012,12,5.0,303,165297,22.2,5,7.2,Petrol,Manual,3300
Honda,2020,4,3.0,175,36953,27.8,1,10.0,Hybrid,Automatic,18400
Mercedes,2016,8,4.0,236,115209,25.6,3,9.1,Diesel,Automatic,20400
BMW,2012,12,1.0,82,125616,38.1,3,6.0,Hybrid,Automatic,5600
BMW,2015,9,3.0,194,97360,35.5,3,8.3,Hybrid,Manual,13900
Subaru,2022,2,4.5,254,41839,31.5,1,10.0,Petrol,Automatic,29200
BMW,2013,11,3.5,217,140117,28.0,4,6.4,Petrol,Automatic,8200
Hyundai,2021,3,3.5,187,28036,33.0,1,10.0,Petrol,Automatic,15100
Volkswagen,2019,5,1.2,86,64126,42.4,2,10.0,Diesel,Automatic,8400
Ford,2012,12,5.0,299,143883,19.7,4,6.7,Hybrid,Manual,3700
Kia,2014,10,4.0,214,119679,25.1,5,9.6,Petrol,Automatic,4600
Kia,2013,11,3.5,222,130358,30.6,5,6.8,Hybrid,Automatic,3000
Tesla,2012,12,2.0,107,133010,36.1,2,6.9,Hybrid,Automatic,11400
Ford,2019,5,4.5,293,75723,24.2,1,10.0,Diesel,Automatic,11400
Audi,2010,14,5.0,299,185392,14.8,5,3.9,Diesel,Automatic,4200
Subaru,2013,11,1.6,88,127959,36.0,3,8.0,Petrol,Automatic,3800
Ford,2021,3,4.0,240,35927,25.1,2,10.0,Petrol,Automatic,19100
Audi,2013,11,4.5,275,120233,24.8,5,5.0,Diesel,Automatic,7300
Kia,2017,7,1.0,96,108412,42.8,3,7.7,Petrol,Automatic,3100
Mercedes,2018,6,1.0,60,54742,42.1,2,10.0,Petrol,Automatic,21200
BMW,2012,12,4.0,240,155559,27.2,5,7.3,Diesel,Automatic,9100
Chevrolet,2017,7,3.0,166,102512,32.6,1,8.2,Electric,Automatic,8000
Audi,2023,1,1.2,95,25632,45.3,1,10.0,Diesel,Automatic,35600
Mercedes,2010,14,5.0,289,156743,17.9,4,3.9,Petrol,Automatic,4700
Nissan,2015,9,1.8,95,104327,37.4,3,8.6,Hybrid,Automatic,4400
Mercedes,2021,3,2.5,135,48704,35.0,2,10.0,Petrol,Manual,32400
Subaru,2022,2,1.4,96,20675,41.9,1,10.0,Petrol,Automatic,20600
Toyota,2015,9,4.0,232,125141,22.4,4,7.8,Petrol,Manual,6200
Mercedes,2021,3,2.5,173,33130,39.5,1,9.7,Diesel,Automatic,39500
Audi,2020,4,5.0,319,57603,17.6,2,10.0,Petrol,Manual,32600
Tesla,2017,7,2.5,164,80322,36.1,3,9.6,Hybrid,Automatic,28300
Ford,2021,3,3.0,181,54060,41.5,2,10.0,Diesel,Automatic,15400
Subaru,2018,6,1.2,60,73950,42.6,1,9.0,Diesel,Automatic,7800
Toyota,2018,6,3.0,164,71484,37.7,3,10.0,Petrol,Automatic,11300
Nissan,2023,1,1.8,115,27602,34.6,1,10.0,Hybrid,Manual,19700
Honda,2014,10,2.5,145,113282,28.7,2,6.9,Hybrid,Automatic,4500
Volkswagen,2019,5,3.0,192,69458,35.7,1,8.6,Petrol,Manual,8700
Tesla,2021,3,2.5,151,61472,30.0,2,10.0,Hybrid,Automatic,63100
Nissan,2023,1,3.0,201,0,33.6,1,10.0,Petrol,Automatic,24800
Nissan,2014,10,3.5,205,123180,32.4,3,8.9,Hybrid,Automatic,5200
Audi,2011,13,2.0,106,166462,38.3,3,4.8,Diesel,Automatic,4100
Hyundai,2012,12,2.0,110,152025,35.7,2,5.9,Petrol,Automatic,1900
Tesla,2011,13,2.5,141,160403,32.0,3,6.9,Diesel,Automatic,9900
Volkswagen,2020,4,3.5,215,49312,32.5,1,10.0,Diesel,Automatic,14200
Mazda,2022,2,1.6,105,29177,38.3,1,10.0,Petrol,Manual,17000
Hyundai,2018,6,3.0,192,92598,33.7,2,9.2,Diesel,Automatic,7600
Chevrolet,2016,8,5.0,316,97380,15.3,1,7.6,Diesel,Manual,6600
Honda,2021,3,1.0,89,26177,39.7,2,10.0,Petrol,Manual,16100
Toyota,2022,2,4.5,262,29766,30.5,1,10.0,Diesel,Automatic,31000
Volkswagen,2016,8,1.6,98,76683,41.3,2,6.3,Petrol,Manual,3500
Subaru,2013,11,4.0,216,126320,25.5,2,8.0,Electric,Manual,7200
BMW,2015,9,1.2,67,91475,39.2,3,7.5,Petrol,Automatic,8100
Nissan,2011,13,2.0,126,163241,28.2,2,6.2,Diesel,Manual,1700
Ford,2016,8,1.8,116,103689,34.7,2,8.8,Petrol,Automatic,5000
BMW,2020,4,2.0,127,57806,39.4,2,10.0,Diesel,Manual,25300
Audi,2015,9,1.2,66,123983,41.8,3,9.2,Electric,Manual,11100
Honda,2014,10,2.0,149,129753,35.8,2,7.1,Petrol,Automatic,4000
Chevrolet,2011,13,3.0,161,156814,27.9,5,5.4,Petrol,Manual,1700
Subaru,2021,3,2.5,159,45288,37.9,1,9.0,Petrol,Automatic,16600
Ford,2020,4,3.0,155,51268,28.9,1,8.3,Hybrid,Automatic,12300
Nissan,2019,5,3.0,187,79195,33.6,2,10.0,Diesel,Automatic,8700
Honda,2022,2,4.5,249,41001,31.7,1,10.0,Petrol,Automatic,23600
Honda,2016,8,1.0,60,100837,37.6,1,7.1,Diesel,Manual,4100
Hyundai,2010,14,5.0,312,166058,21.8,5,6.0,Petrol,Automatic,2300
Tesla,2010,14,1.8,81,163667,29.1,5,4.6,Petrol,Automatic,4800
Tesla,2022,2,1.4,60,9288,43.0,1,10.0,Diesel,Automatic,71200
Audi,2013,11,3.0,207,139544,29.4,2,7.3,Hybrid,Automatic,9300
Mercedes,2014,10,4.0,235,119334,26.3,4,5.4,Petrol,Automatic,9400
Chevrolet,2010,14,3.0,213,166055,31.9,4,6.1,Petrol,Automatic,1900
Kia,2012,12,1.4,72,151215,38.1,5,5.3,Petrol,Automatic,1500
Ford,2015,9,5.0,284,116634,20.5,5,7.1,Diesel,Automatic,5300
Volkswagen,2021,3,2.5,137,25411,33.9,2,10.0,Petrol,Automatic,15900
Subaru,2020,4,1.4,71,37993,39.4,1,10.0,Petrol,Manual,13600
Mazda,2011,13,4.0,256,163736,19.5,5,6.7,Petrol,Automatic,3100
Hyundai,2019,5,3.5,212,67022,34.4,2,10.0,Diesel,Automatic,9900
Honda,2010,14,1.8,137,161660,33.8,4,5.5,Hybrid,Manual,1900
Nissan,2020,4,3.0,153,47612,37.8,2,9.8,Petrol,Automatic,11300
Nissan,2010,14,3.5,213,176266,30.0,5,5.2,Diesel,Automatic,1700
Honda,2014,10,1.2,68,112104,38.8,5,6.7,Petrol,Automatic,3200
Toyota,2020,4,4.5,258,62984,27.2,1,9.3,Diesel,Automatic,18700
Nissan,2018,6,3.5,194,75744,32.2,3,8.9,Hybrid,Manual,8000
Volkswagen,2014,10,4.0,279,124022,26.7,3,6.5,Diesel,Automatic,4000
Volkswagen,2021,3,1.4,78,41438,43.1,1,10.0,Diesel,Manual,13200
Tesla,2022,2,5.0,298,22159,21.7,1,10.0,Hybrid,Manual,108800
Kia,2016,8,1.6,113,97669,38.6,1,10.0,Hybrid,Automatic,4700
Audi,2018,6,4.5,248,80784,25.2,3,10.0,Petrol,Automatic,23500
Toyota,2019,5,1.0,60,45760,41.0,1,10.0,Petrol,Automatic,10600
Chevrolet,2010,14,1.0,60,158112,38.5,5,4.5,Petrol,Automatic,1000
Subaru,2023,1,3.5,231,4703,34.8,1,10.0,Hybrid,Automatic,43200
Audi,2020,4,3.5,217,32093,27.9,2,10.0,Diesel,Manual,33700
Audi,2023,1,1.6,90,12357,41.0,1,10.0,Petrol,Automatic,39400
Tesla,2017,7,2.0,115,80327,35.2,1,9.6,Hybrid,Automatic,28100
Chevrolet,2013,11,4.0,269,109544,25.1,3,6.0,Petrol,Automatic,3200
Nissan,2014,10,2.5,144,126225,35.0,2,5.7,Diesel,Manual,2500
Chevrolet,2013,11,3.0,137,123673,31.1,5,6.1,Petrol,Automatic,2800
Audi,2015,9,1.8,96,110274,38.4,4,7.8,Petrol,Automatic,8500
Nissan,2022,2,1.2,64,33238,47.4,1,10.0,Diesel,Automatic,12300
Mazda,2013,11,4.0,247,131893,22.9,3,7.7,Petrol,Automatic,4400
Ford,2020,4,1.0,68,68267,40.3,1,9.6,Petrol,Manual,7900
Audi,2016,8,5.0,269,92177,20.9,3,7.8,Petrol,Automatic,16000
Honda,2014,10,1.0,80,120118,37.1,2,7.8,Hybrid,Automatic,4100
Volkswagen,2014,10,4.5,287,104743,22.5,4,8.3,Petrol,Automatic,5500
Volkswagen,2015,9,2.0,112,100121,37.0,3,8.2,Petrol,Manual,3700
Honda,2019,5,2.0,120,52333,42.1,1,9.7,Diesel,Manual,10700
Subaru,2016,8,4.0,262,110789,26.3,2,8.6,Diesel,Automatic,8700
Ford,2013,11,4.0,240,131671,17.3,4,5.9,Petrol,Automatic,3200
Mercedes,2019,5,3.5,222,58588,32.3,2,9.7,Diesel,Automatic,30200
Ford,2012,12,2.0,103,154348,33.3,2,6.7,Hybrid,Manual,2500
Tesla,2017,7,1.0,60,77382,42.3,3,10.0,Diesel,Automatic,22000
Audi,2022,2,1.8,124,54934,39.9,1,10.0,Diesel,Automatic,30600
Audi,2019,5,1.4,80,62466,44.4,2,9.4,Diesel,Manual,17700
Kia,2022,2,5.0,310,14309,23.3,1,10.0,Diesel,Automatic,23200
Tesla,2011,13,5.0,283,156131,16.2,3,7.1,Petrol,Automatic,13200
Volkswagen,2022,2,1.4,60,19932,39.4,1,9.8,Hybrid,Automatic,16200
Honda,2023,1,1.8,90,13433,40.2,1,10.0,Petrol,Manual,21800
Audi,2014,10,1.6,109,126418,33.9,3,6.8,Hybrid,Automatic,7500
Mercedes,2018,6,1.0,60,63614,39.8,1,9.0,Diesel,Manual,16000
Hyundai,2020,4,5.0,296,63422,26.0,2,10.0,Petrol,Automatic,15700
Volkswagen,2013,11,5.0,322,139233,18.0,5,7.5,Diesel,Automatic,5100
BMW,2018,6,1.4,67,80873,43.0,3,10.0,Diesel,Automatic,15900
Honda,2012,12,4.0,254,136703,26.1,5,6.3,Petrol,Automatic,3500
BMW,2018,6,4.5,278,59709,26.1,3,8.7,Petrol,Manual,24600
Honda,2017,7,2.5,179,83119,32.6,1,8.4,Petrol,Automatic,7000
BMW,2020,4,3.0,173,48017,33.4,2,8.7,Petrol,Automatic,27800
Volkswagen,2018,6,1.8,114,79094,37.6,2,7.4,Petrol,Automatic,5300
Audi,2019,5,1.6,93,60654,38.8,1,9.3,Diesel,Automatic,16400
Chevrolet,2022,2,4.0,230,23237,32.4,1,10.0,Petrol,Automatic,22700
Honda,2017,7,2.5,160,99392,35.3,1,8.5,Diesel,Automatic,7500
Volkswagen,2021,3,1.0,60,53139,44.1,2,10.0,Petrol,Automatic,11700
Subaru,2016,8,2.0,94,83456,41.8,2,9.2,Diesel,Manual,6000
Subaru,2022,2,3.0,175,16963,35.9,1,10.0,Petrol,Manual,27600
Audi,2018,6,5.0,321,63776,15.7,2,10.0,Diesel,Automatic,30400
Subaru,2019,5,1.6,81,62136,35.6,2,9.6,Hybrid,Automatic,12500
Chevrolet,2022,2,4.0,218,27749,30.2,1,10.0,Petrol,Automatic,21600
Mercedes,2012,12,4.0,237,146345,26.2,3,5.4,Hybrid,Manual,9100
Toyota,2021,3,4.5,265,41725,24.8,1,10.0,Diesel,Automatic,24600
Toyota,2018,6,1.6,82,65493,38.0,2,8.8,Hybrid,Automatic,9400
Volkswagen,2022,2,3.0,177,15502,41.6,1,10.0,Hybrid,Automatic,26300
Tesla,2013,11,4.5,261,140601,24.4,2,7.6,Hybrid,Manual,20100
Volkswagen,2021,3,1.8,99,39270,37.8,1,10.0,Diesel,Automatic,14100
Audi,2013,11,1.2,72,144855,38.3,4,5.8,Diesel,Automatic,5100
Mercedes,2016,8,1.0,62,106599,37.4,2,7.4,Petrol,Automatic,9700
Mercedes,2021,3,1.0,69,34680,45.2,2,10.0,Petrol,Automatic,31600
Nissan,2020,4,1.4,102,54867,42.3,2,10.0,Diesel,Automatic,9600
Tesla,2015,9,3.0,174,104308,29.8,3,9.4,Hybrid,Automatic,26800
Audi,2011,13,4.5,274,163675,21.9,5,6.5,Petrol,Automatic,7600
Mercedes,2022,2,1.0,65,20156,42.5,1,10.0,Diesel,Manual,35900
Ford,2016,8,5.0,311,98893,22.0,3,8.9,Petrol,Automatic,6800
Mercedes,2011,13,1.4,66,144735,33.9,5,6.2,Diesel,Automatic,4900
Mercedes,2013,11,1.6,110,132088,32.3,3,7.9,Petrol,Automatic,9000
Toyota,2011,13,4.0,268,165409,25.8,3,7.6,Petrol,Automatic,4200
Toyota,2017,7,2.5,143,73367,34.9,1,9.4,Petrol,Manual,7600
Honda,2013,11,2.5,136,133834,32.1,2,6.9,Petrol,Automatic,3200
Ford,2012,12,1.2,64,136670,35.3,4,6.2,Diesel,Automatic,2000
Nissan,2022,2,3.0,200,15289,39.8,1,10.0,Petrol,Manual,18600
Volkswagen,2013,11,3.5,214,123648,32.0,3,8.9,Petrol,Automatic,4500
Chevrolet,2023,1,5.0,314,11305,28.1,1,10.0,Petrol,Automatic,28400
Volkswagen,2014,10,5.0,285,100258,19.6,2,6.2,Diesel,Automatic,4600
Toyota,2013,11,1.0,60,142485,39.0,2,5.9,Diesel,Manual,2400
Ford,2014,10,1.2,67,139310,33.6,5,5.2,Petrol,Automatic,2200
Chevrolet,2012,12,1.4,64,131109,36.0,2,5.9,Hybrid,Automatic,2000
BMW,2020,4,1.4,96,38338,37.0,1,10.0,Petrol,Manual,25500
Audi,2017,7,1.8,98,95883,37.6,3,9.0,Hybrid,Automatic,13800
Mercedes,2022,2,1.8,115,15590,36.9,1,10.0,Petrol,Automatic,43500
Honda,2018,6,1.0,74,66025,43.7,1,10.0,Petrol,Automatic,7900
Subaru,2021,3,1.4,69,17790,41.6,1,9.2,Petrol,Manual,16400
Honda,2016,8,3.0,177,89065,28.4,1,9.6,Hybrid,Automatic,9100
Ford,2021,3,1.8,83,27314,33.0,2,9.8,Diesel,Automatic,13600
Nissan,2013,11,1.0,60,127508,42.7,5,8.3,Diesel,Automatic,2600
Tesla,2014,10,2.0,123,111919,35.2,3,6.3,Hybrid,Automatic,14100
Audi,2013,11,1.0,60,127750,39.1,4,7.6,Petrol,Automatic,6400
Kia,2011,13,3.5,207,158812,25.2,5,6.4,Petrol,Automatic,2000
Tesla,2020,4,3.0,161,32697,32.6,1,10.0,Hybrid,Manual,70800
Toyota,2015,9,4.0,231,117227,20.2,5,8.5,Diesel,Manual,6600
Hyundai,2011,13,2.0,127,148840,36.3,3,6.1,Petrol,Automatic,1600
Toyota,2011,13,3.0,228,147898,26.6,3,5.2,Hybrid,Automatic,2700
Chevrolet,2016,8,3.0,176,80494,27.8,2,7.7,Diesel,Automatic,5200
Volkswagen,2010,14,2.0,71,170971,33.0,3,5.4,Petrol,Manual,1400
Mercedes,2018,6,4.5,283,71291,24.8,2,9.0,Diesel,Manual,25000
Audi,2018,6,1.8,117,92773,44.6,1,9.4,Electric,Automatic,20900
Nissan,2011,13,2.5,132,150516,31.2,5,6.1,Diesel,Manual,1800
Chevrolet,2013,11,3.0,183,118433,26.3,5,6.3,Diesel,Manual,3000
Mazda,2014,10,3.5,193,110297,23.6,4,7.1,Petrol,Automatic,4300
Nissan,2022,2,1.2,90,32528,39.4,1,9.2,Petrol,Automatic,12400
Mercedes,2011,13,3.0,189,165140,25.5,4,6.5,Petrol,Manual,6800
Volkswagen,2016,8,1.4,81,109385,36.9,1,7.0,Petrol,Automatic,3600
Tesla,2016,8,3.0,179,91906,27.8,3,8.4,Diesel,Automatic,22700
Hyundai,2012,12,1.4,97,143184,37.0,5,4.3,Petrol,Manual,1200
Nissan,2014,10,1.0,71,121714,41.8,3,7.7,Diesel,Automatic,2900
Kia,2011,13,2.0,107,167356,32.5,2,7.2,Hybrid,Automatic,2100
Hyundai,2019,5,1.0,60,53664,36.8,1,8.7,Diesel,Automatic,6200
Subaru,2019,5,5.0,329,63772,21.9,2,10.0,Hybrid,Automatic,23600
Mazda,2014,10,2.0,113,128314,37.4,4,5.8,Diesel,Automatic,2700
Hyundai,2012,12,1.2,60,170983,38.7,5,5.5,Petrol,Automatic,1600
BMW,2016,8,3.5,190,87747,27.0,3,6.6,Petrol,Automatic,12700
Chevrolet,2021,3,2.5,147,33565,36.2,1,10.0,Diesel,Automatic,14100
Kia,2023,1,4.5,257,2297,22.9,1,10.0,Petrol,Automatic,25300
Hyundai,2011,13,1.0,60,176087,37.1,4,5.0,Hybrid,Manual,1300
Ford,2019,5,3.5,229,56186,30.0,2,10.0,Petrol,Automatic,13100
